status,gdp,adult_mortality,schooling,hiv/aids,income_composition_of_resources,bmi,life_expectancy_actual,,,predicted_Linear_regression,,,predicted_Random_Forest_Regression,,
Developing,1762.24617,123,11.4,0.1,0.636,48.5,73.7,,,70.77288795,,,72.737,,
Developed,11363.41845,113,13.9,0.1,0.783,58.1,75.9,,,77.47160164,,,76.226,,
Developing,5957.145693,125,13.6,0.1,0.762,57.2,74.2,,,74.42015937,,,74.999,,
Developing,24983.3792,7,14.5,0.1,0.82,62.9,76.8,,,79.21043659,,,76.151,,
Developing,43.9797132,428,8.4,18.1,0.448,14.4,51.9,,,48.16248565,,,52.493,,
Developing,929.772391,394,6,4.7,0.338,16.4,49.6,,,54.41876161,,,51.493,,
Developing,88.874858,24,8.3,0.1,0.465,42.1,67.4,,,67.41390814,,,66.04,,
Developing,428.87811,138,13.2,0.3,0.7,5.8,73.9,,,68.94733659,,,74.174,,
Developing,5193.94932,89,14.2,0.1,0.742,55.3,77.2,,,75.31381686,,,77.053,,
Developing,3934.27325,438,11.2,15.7,0.526,3.2,55,,,53.54309681,,,54.925,,
Developing,68.414399,394,6.9,7.7,0.433,2.9,51.4,,,52.1632011,,,53.213,,
Developing,1726.9151,397,12.3,1.9,0.677,28,53.3,,,63.71749596,,,52.947,,
Developing,459.2912,29,8.4,2,0.385,21.2,58.1,,,65.64555111,,,56.262,,
Developing,4428.522898,88,12,0.1,0.622,18.7,75,,,70.72096335,,,73.362,,
Developing,197.551233,185,12,0.1,0.681,43,69.1,,,68.6484752,,,69.608,,
Developing,668.297646,251,8.5,2,0.466,43,62.5,,,62.87372426,,,62.803,,
Developing,245.939659,283,8,0.6,0,13.9,57.9,,,56.83757953,,,58.611,,
Developed,34165.9343,86,16.4,0.1,0.877,57.1,79.1,,,81.12824337,,,79.384,,
Developing,282.4242,176,12.2,2.5,0.651,43.1,72,,,67.85461838,,,70.908,,
Developed,38549.58934,82,17.5,0.1,0.917,54,78.8,,,82.20182646,,,78.621,,
Developed,39954.64222,77,16.5,0.1,0.885,55,79.2,,,81.42734404,,,81.585,,
Developed,38426.5581,72,19.7,0.1,0.901,65.3,86,,,84.52620456,,,85.125,,
Developing,1464.497754,163,11.3,0.2,0.613,49.4,73.2,,,69.55320248,,,71.62,,
Developing,1726.9151,183,10.1,0.1,0.604,62,67.2,,,69.02278578,,,68.221,,
Developing,4849.997495,175,12.8,0.2,0.706,5.9,71,,,69.29952016,,,73.112,,
Developing,2421.9662,214,12.5,2.1,0.666,47.2,69.3,,,68.9662923,,,68.165,,
Developing,587.538233,413,9.5,0.5,0.431,24.4,51,,,59.37234064,,,53.302,,
Developing,1741.142552,238,10.1,0.3,0,18,66.5,,,60.8086771,,,64.977,,
Developed,1291.435,62,17.5,0.1,0.942,6.3,81.5,,,78.25580306,,,82.936,,
Developing,1975.46477,148,11.6,0.1,0.636,53.2,74.5,,,70.6959593,,,74.123,,
Developing,1194.697155,223,11.6,0.1,0.642,2.1,67,,,65.95507689,,,67.585,,
Developing,2492.12878,12,12.5,0.1,0.722,49.9,74.4,,,74.91174784,,,75.06,,
Developing,265.642661,99,12.3,0.1,0,49.9,75.5,,,66.27779092,,,73.456,,
Developing,1217.657961,165,10.4,1.2,0.571,42,72.2,,,67.56406124,,,71.811,,
Developed,65445.8853,92,13.6,0.1,0.865,55.8,78.6,,,79.17209404,,,78.765,,
Developing,256.4414872,48,5.8,13.4,0.298,16.9,49.5,,,56.82011595,,,47.541,,
Developing,719.172669,38,10,3.2,0.483,18.1,61.5,,,66.84720939,,,59.335,,
Developing,263.27236,158,13.7,0.1,0.676,65.5,71.6,,,71.8533833,,,73.4,,
Developing,1453.917166,238,10.3,0.1,0,4,63.5,,,60.16284029,,,64.365,,
Developing,2762.86354,12,13.6,0.1,0.736,59.3,73,,,76.39496317,,,74.663,,
Developing,26.3932935,339,9.3,5.1,0.425,16.6,54.6,,,56.50705273,,,55.574,,
Developing,563.6894247,294,12,1.7,0.464,22.6,58.9,,,63.35326325,,,59.784,,
Developing,36161.1761,95,12.4,0.1,0.813,57,75.1,,,75.5845945,,,75.561,,
Developed,23465.38559,71,20.6,0.1,0.905,6.3,83,,,81.6530934,,,84.418,,
Developing,1592.6819,118,15.5,0.1,0.784,62.3,76.5,,,75.65851093,,,75.507,,
Developing,347.673678,56,6,10,0.323,18.6,46.3,,,58.82496386,,,46.477,,
Developed,22196.5736,72,15.2,0.1,0.836,56.4,80,,,79.98337221,,,80.146,,
Developing,52.862285,82,11.9,0.1,0.632,19.5,75.4,,,68.4294378,,,72.171,,
Developing,699.452847,27,7.5,0.7,0.392,18.2,59,,,65.76327461,,,59.567,,
Developing,951.8894535,135,10,0.1,0.565,17,71,,,66.86551676,,,73.699,,
Developing,297.4733451,348,12.3,0.9,0.677,18.6,58,,,63.75003887,,,54.567,,
Developing,1726.9151,183,12.8,0.4,0,36.8,71.6,,,64.97053704,,,70.495,,
Developing,2971.973,78,16.2,0.1,0.857,63.1,80,,,77.97562355,,,82.194,,
Developing,1726.9151,77,12.3,0.1,0.677,28.2,79.8,,,71.58962483,,,82.319,,
Developing,712.775759,98,13.1,0.1,0.74,62.5,74.5,,,73.59639198,,,74.83,,
Developing,584.3962137,347,10.7,6.8,0.477,16.7,59.3,,,58.65609627,,,57.835,,
Developed,14341.836,176,16.5,0.1,0.83,6.9,73,,,75.58519726,,,73.456,,
Developing,5828.621374,81,11.8,0.1,0.641,2.3,75.9,,,70.10649635,,,73.4,,
Developing,478.331859,26,10.6,0.1,0.492,13.5,63.7,,,68.57224226,,,65.026,,
Developing,835.789341,14,9.4,0.1,0.545,15.8,73,,,68.79853961,,,68.644,,
Developed,1726.9151,11,12.3,0.1,0.677,65.1,78.1,,,77.10566914,,,79.621,,
Developing,26.6394652,345,9.4,5.3,0.426,17.1,54.6,,,56.39485967,,,55.338,,
Developing,1726.9151,93,13.1,0.1,0.745,54.8,74.7,,,73.80740731,,,76.956,,
Developing,234.28992,129,11.9,0.6,0.596,24.9,72.1,,,68.02692385,,,72.674,,
Developing,315.83983,336,5.1,3,0.322,16.9,52.5,,,55.1392511,,,53.044,,
Developing,5786.59972,473,12.9,23.5,0.616,45.7,55.3,,,53.62453607,,,54.435,,
Developing,133.7427689,385,4.5,5.3,0.268,13,51.3,,,51.46129186,,,54.943,,
Developed,13235.97757,14,14.6,0.1,0.815,61.9,77.1,,,80.68471643,,,76.418,,
Developing,317.3294336,329,5.3,1.3,0.405,14.7,62,,,56.72283144,,,57.534,,
Developed,676.966998,24,16.3,0.1,0.792,58.1,71.6,,,79.64973002,,,73.219,,
Developing,45413.6571,88,16.1,0.1,0.877,59.1,89,,,79.13435762,,,82.153,,
Developing,621.828325,97,14.3,0.1,0.781,56.8,78,,,74.3945859,,,77.524,,
Developing,387.324145,116,13.1,0.1,0.737,62.4,73.6,,,72.83283506,,,73.912,,
Developing,4598.249988,358,10.3,2.6,0.508,21.5,56,,,61.73605671,,,52.973,,
Developing,528.3125597,355,9.1,3.9,0.414,22.6,57.6,,,58.48368224,,,55.447,,
Developing,1726.9151,226,12.3,0.1,0.677,47.6,67.6,,,69.40544473,,,67.552,,
Developing,1726.9151,233,8.5,0.1,0.488,37.2,64.4,,,64.52410213,,,64.148,,
Developing,251.18329,7,14.5,0.1,0.815,62.2,76.7,,,76.56077492,,,75.949,,
Developing,321.22634,273,7.6,2.2,0.412,12.4,58.5,,,59.12672829,,,58.968,,
Developing,36.48773,214,11.1,0.9,0,5.4,68.3,,,58.92492142,,,62.341,,
Developing,454.963464,241,10.2,0.4,0.504,18.5,63.8,,,63.76553325,,,63.396,,
Developing,89.838296,236,6.6,0.7,0.422,19.9,61.3,,,59.69856815,,,62.916,,
Developing,571.51883,263,10.1,0.1,0.599,39.8,63.8,,,65.37031313,,,64.211,,
Developing,253.72412,22,9.2,0.1,0.457,12.9,64.3,,,67.00050965,,,64.585,,
Developing,1239.377855,155,11.3,0.8,0,21.5,69.9,,,63.27089401,,,67.126,,
Developed,5886.82789,78,17.5,0.1,0.889,55.1,78.7,,,81.09221292,,,80.933,,
Developing,11138.8746,12,12.3,0.1,0.754,59.4,73.1,,,76.37276024,,,75.11,,
Developing,11.553196,217,11.6,0.1,0.631,19.2,67.2,,,64.41040187,,,67.227,,
Developed,9667.9757,229,16.2,0.1,0.807,57.4,75,,,76.63910889,,,74.269,,
Developing,22551.73574,81,15.6,0.1,0.839,6.5,79.3,,,75.3114992,,,79.309,,
Developing,1634.87561,135,13.1,0.1,0.709,51.7,73.1,,,72.41614364,,,73.124,,
Developing,336.4593923,41,10.6,8.6,0.434,14.8,54.9,,,63.72595467,,,54.916,,
Developing,3171.49856,134,13,0.4,0.693,49.5,74.2,,,72.35550124,,,73.181,,
Developing,6461.192554,16,15.1,0.1,0.804,61.8,76.1,,,78.51050011,,,76.223,,
Developing,12565.44197,134,13.8,0.2,0.778,45.7,75.9,,,74.21360242,,,74.584,,
Developing,1726.9151,171,11,0.1,0.606,5.7,68.8,,,66.80347354,,,68.986,,
Developed,1726.9151,19,15,0.1,0.842,59.1,76.7,,,79.76708015,,,76.867,,
Developing,1726.9151,172,11.9,0.1,0.651,55.5,69.8,,,70.55065495,,,71.728,,
Developing,2576.124957,218,10.7,0.8,0.618,4.9,66.3,,,65.49615046,,,66.833,,
Developing,193.187484,243,7.5,0.4,0.417,13.6,62.1,,,60.37270562,,,63.244,,
Developed,66775.3944,73,17.6,0.1,0.929,56.5,81,,,83.00773452,,,82.75,,
Developing,777.248751,356,7.3,2.8,0.394,19.1,53.1,,,57.54418389,,,53.011,,
Developing,3471.247547,97,11.9,0.1,0.672,26.5,74.5,,,71.12001788,,,75.137,,
Developing,34.516918,328,4.8,3,0.316,16.6,52.5,,,53.81105581,,,53.38,,
Developing,4271.68172,12,14.7,0.1,0.722,6.2,75.1,,,74.36199147,,,74.821,,
Developing,31979.87195,77,15.8,0.1,0.881,6.6,80,,,76.05521767,,,81.535,,
Developing,1726.9151,164,11.7,0.1,0.639,68.7,69.4,,,71.23112555,,,69.487,,
Developing,46.7579167,158,8.1,0.1,0.491,12,67.3,,,62.48323458,,,67.112,,
Developing,329.782946,3,8.1,4.6,0.447,36.5,59.7,,,65.91422094,,,61.36,,
Developing,1349.97144,249,11.1,2.8,0.55,22,63.4,,,64.26547631,,,63.035,,
Developing,1726.9151,238,13.7,0.1,0.607,43.3,63.3,,,69.39863333,,,64.447,,
Developing,1726.9151,252,8.6,0.2,0.485,14.4,64,,,62.83557629,,,61.958,,
Developing,2482.36862,471,11.7,24.7,0.554,26.5,55,,,50.23453925,,,53.463,,
Developing,19.317765,2,10.5,0.2,0.563,15.4,66,,,67.83998975,,,69.715,,
Developing,77.819,211,9.4,0.3,0.526,13.5,64.4,,,62.79100677,,,64.899,,
Developing,4463.545867,11,13.9,0.1,0.768,55.4,77.8,,,76.92066993,,,76.855,,
Developing,449.6928183,41,10.6,8.2,0.453,15.6,56.3,,,64.25955248,,,55.336,,
Developing,177.285187,371,10.4,3.1,0.376,2.7,56,,,57.44416335,,,52.621,,
Developing,1726.9151,292,12.3,1.7,0.677,18.6,56.7,,,65.58887796,,,57.121,,
Developing,1726.9151,238,8.5,0.1,0.48,35.7,63.8,,,64.27145611,,,63.444,,
Developing,95.4327931,178,6.7,0.1,0.505,2.1,64.4,,,60.97390206,,,64.531,,
Developing,9564.46383,178,12.7,0.4,0.722,57.7,71.4,,,72.46357019,,,71.85,,
Developed,6283.24522,57,15.8,0.1,0.904,58.5,81.9,,,80.65953583,,,82.02,,
Developing,39.484473,31,7.6,3.5,0.484,2.7,57.6,,,62.65730985,,,57.973,,
Developing,361.35843,284,5.5,0.1,0.394,43.5,58.6,,,60.01700419,,,58.996,,
Developing,745.7877873,199,10.5,0.7,0.511,15.3,65.6,,,64.91327651,,,66.765,,
Developing,1726.9151,154,11.8,0.1,0.679,46.9,75,,,70.59882835,,,72.387,,
Developing,56.971392,268,11.5,4.7,0.612,32.5,64.3,,,62.53349934,,,62.61,,
Developing,1726.9151,157,13.3,0.1,0.72,53.1,73.1,,,72.26837319,,,73.17,,
Developing,6574.654338,161,13.5,0.1,0.72,29.1,72.9,,,71.73143772,,,73.133,,
Developing,12216.9446,146,14.2,0.1,0.734,54.5,74.7,,,74.4382832,,,74.274,,
Developing,52413.72116,67,15.9,0.1,0.909,65.8,81.8,,,80.14151025,,,82.081,,
Developing,216.243274,136,0,0.1,0,53.5,73.4,,,56.64734792,,,72.26,,
Developing,1726.9151,225,11.4,0.1,0.586,35.6,66.6,,,67.43300513,,,66.699,,
Developing,215.8548,28,3,1.6,0.266,14.6,52.1,,,60.27562804,,,55.113,,
Developing,6432.668768,215,10.8,0.1,0.688,48.6,66.3,,,69.43408258,,,66.719,,
Developing,2977.1153,77,14.4,0.1,0.813,57.6,75.6,,,76.0629749,,,76.757,,
Developed,2293.4789,66,13,0.1,0.815,54.3,78.5,,,76.97890006,,,78.962,,
Developing,42372.22166,89,12.8,0.1,0.823,55.8,75.4,,,76.10128615,,,75.75,,
Developing,4132.76292,19,14.4,0.1,0.743,59.5,75.6,,,77.10885025,,,74.678,,
Developing,452.74948,145,10.4,0.1,0.646,55.8,76,,,69.28817552,,,72.23,,
Developing,1726.9151,199,10.6,0.2,0.573,2.9,65.3,,,65.45270923,,,66.899,,
Developing,123.383675,214,7.6,1.2,0.484,27.4,62,,,61.72508496,,,62.084,,
Developing,458.4651734,329,9.9,0.9,0.426,26.7,58.1,,,61.27151461,,,56.046,,
Developing,1726.9151,472,12.3,6.5,0.677,21.5,48.2,,,59.56240784,,,48.232,,
Developing,394.467675,235,10.5,0.1,0,42.7,64.5,,,61.80857631,,,64.646,,
Developing,1627.42893,144,0,0.1,0,51.9,73,,,57.51033416,,,72.495,,
Developing,7955.615985,144,15.8,0.1,0.746,46.5,73.3,,,75.04149728,,,73.167,,
Developing,987.4453967,278,11.1,3.4,0.53,19.5,61.2,,,62.88687518,,,62.154,,
Developing,7615.3468,93,14.6,0.1,0.79,57.4,78.4,,,76.20161342,,,77.375,,
Developed,141.44688,14,15,0.1,0.813,57.2,75.5,,,78.15893512,,,75.518,,
Developing,36189.58838,76,15.8,0.1,0.886,61.3,81,,,79.24278813,,,82.973,,
Developing,465.1198869,183,11.6,0.3,0.613,37,67.8,,,67.9499017,,,67.604,,
Developing,1726.9151,34,12.3,1.4,0.677,23.2,67,,,71.64698456,,,60.12,,
Developed,28482.6948,73,15.9,0.1,0.844,61.1,88,,,80.92978602,,,81.875,,
Developed,1726.9151,12,12.3,0.1,0.677,63.1,77.1,,,76.97186381,,,78.455,,
Developing,42554.1225,81,16.2,0.1,0.887,61.6,82,,,79.53756045,,,82.889,,
Developing,2571.262348,16,12.6,0.1,0.671,69.7,71.6,,,75.64494593,,,73.505,,
Developed,26351.37568,9,16.1,0.1,0.847,51.2,78.7,,,81.90369458,,,78.424,,
Developed,2193.8836,58,14.1,0.1,0.821,68.4,81,,,78.75890542,,,82.648,,
Developing,4219.65123,131,12.9,0.1,0.7,73.8,73.6,,,74.05954442,,,73.419,,
Developing,34879.72633,93,15.5,0.1,0.86,57.5,81,,,78.227515,,,80.821,,
Developing,171.771491,21,8.8,0.3,0.553,41.7,69.3,,,68.74149297,,,66.917,,
Developed,3488.3992,7,14.8,0.1,0.863,23.4,81.9,,,78.43735266,,,80.628,,
Developing,258.3529,121,11.5,0.1,0.644,49.4,73.8,,,69.92521475,,,73.32,,
Developing,11.631377,212,7.7,0.4,0.449,21.7,64.3,,,60.35666384,,,64.443,,
Developing,387.9429725,32,8.1,4.3,0.45,37.5,58.7,,,65.58664725,,,63.101,,
Developed,817.77681,67,17.4,0.1,0.936,58.5,89,,,80.69344752,,,83.411,,
Developing,19941.45532,122,16.5,0.1,0.86,59.4,77.3,,,78.10841075,,,77.654,,
Developing,154.68923,18,12.1,0.1,0.64,65.6,72,,,73.2103766,,,71.002,,
Developed,11563.727,61,17.6,0.1,0.941,59.8,81.3,,,82.56229556,,,82.154,,
Developing,3385.69665,119,13.6,0.1,0.739,6.1,73.1,,,71.2076009,,,74.515,,
Developing,1726.9151,192,12,0.1,0,54.4,72.6,,,65.31821777,,,69.705,,
Developing,118.69383,336,10.3,6.2,0.507,31.8,67,,,59.06483803,,,58.712,,
Developing,1726.9151,142,11.9,0.1,0.674,46.2,71.2,,,70.85847157,,,72.902,,
Developing,944.81684,227,6.6,0.1,0.442,38.7,66.2,,,62.6870964,,,64.423,,
Developing,294.33556,146,11.5,0.1,0.663,47,71.7,,,69.45542207,,,73.179,,
Developing,771.0348343,224,9.3,1.5,0.488,2.7,62.6,,,62.26686657,,,62.967,,
Developing,321.481324,35,7.1,4.1,0,18.5,52.8,,,60.401407,,,52.402,,
Developing,1726.9151,139,12.3,0.1,0.677,32.9,76,,,70.49214167,,,72.911,,
Developed,45699.19832,8,16.6,0.1,0.903,59,79.9,,,83.44549249,,,81.502,,
Developing,1893.145377,194,11.2,0.8,0.649,19.4,71.2,,,67.25211976,,,70.474,,
Developed,35589.71295,91,18.8,0.1,0.88,59.8,78.8,,,82.95216193,,,78.854,,
Developing,1672.5693,116,13,0.1,0.715,61.9,74.2,,,73.38817296,,,73.886,,
Developed,4488.5615,85,15.8,0.1,0.876,61.6,79.8,,,79.8236049,,,79.9,,
Developing,453.3511552,715,9.5,36.7,0.418,26.7,44.5,,,35.74631764,,,44.995,,
Developing,1247.61392,254,9.2,0.3,0,16.7,65,,,59.54678079,,,63.495,,
Developing,123.876257,391,3.9,5,0,12.3,51.2,,,48.97557471,,,52.891,,
Developing,248.4125,24,11.8,0.4,0.621,47,73,,,71.80490871,,,69.393,,
Developed,4513.13628,161,13.5,0.1,0.75,6.3,72.2,,,72.47097393,,,73.424,,
Developing,579.43485,287,12,1.5,0.47,23.1,59.4,,,63.68780144,,,59.798,,
Developing,1858.689868,184,9.4,0.1,0.505,48.1,68.7,,,67.0271076,,,68.687,,
Developed,14341.675,12,16.4,0.1,0.85,61.1,77.3,,,82.29028876,,,79.611,,
Developing,621.93372,266,9.7,0.1,0.434,19.2,60,,,62.69222202,,,63.503,,
Developed,1726.9151,97,12.3,0.1,0.677,64,77.8,,,75.1571881,,,78.191,,
Developing,2522.7968,216,12.5,0.5,0.596,23.6,69.4,,,67.85504513,,,68.756,,
Developing,11183.96191,126,13,0.1,0.783,39.5,74.8,,,73.48148847,,,75.906,,
Developing,4974.2693,182,10.1,0.1,0.649,59.1,68.9,,,69.80685193,,,71.041,,
Developed,3215.8159,6,14.1,0.1,0.849,57.3,79.3,,,79.69971657,,,80.993,,
Developing,1326.97339,14,10.6,0.1,0.662,46,73.6,,,72.47858969,,,72.179,,
Developed,2124.873613,178,12,0.1,0.714,52.4,77,,,72.90305974,,,74.199,,
Developing,594.9972557,362,10.9,8,0.473,16.3,58.4,,,57.87012568,,,57.594,,
Developing,4267.13578,126,12.8,0.1,0.728,48.6,75.5,,,72.90027421,,,74.909,,
Developing,1726.9151,171,11.7,0.1,0.644,54.8,69.7,,,70.33698226,,,71.228,,
Developing,14.142268,172,7.5,0.1,0.521,21.9,65.1,,,61.87355589,,,65.441,,
Developing,648.815852,47,8.5,5.4,0.445,18.8,48.5,,,64.23855807,,,52.286,,
Developing,11341.13395,114,13.8,0.1,0.737,62.8,74.5,,,75.29552885,,,74.923,,
Developing,1642.837974,186,9.4,0.1,0.497,47.2,68.5,,,66.80475607,,,68.238,,
Developing,1726.9151,139,11.4,0.1,0.687,48.5,72,,,70.78688,,,72.75,,
Developed,38334.68477,6,16.4,0.1,0.872,61.5,82,,,83.15721819,,,81.668,,
Developing,1253.657431,279,5.3,3.2,0.436,31.7,69,,,58.88120286,,,61.242,,
Developing,1726.9151,419,12.3,3.3,0.677,25.6,51.7,,,62.44744067,,,52.004,,
Developing,1726.9151,172,12.6,0.1,0.79,63.2,74.8,,,72.51397559,,,74.417,,
Developing,1092.233631,382,0,3.3,0,43.5,52,,,50.10250398,,,54.105,,
Developing,513.26227,252,5.7,0.7,0.397,18.3,58.4,,,59.39272893,,,59.771,,
Developing,1476.47887,243,7,0.3,0.461,43.5,62.5,,,63.19080907,,,62.567,,
Developing,524.8959363,173,11.3,0.1,0.541,14.2,65.8,,,66.30636272,,,67.582,,
Developing,55.156834,92,13.4,0.1,0.711,53.7,76.9,,,71.8152965,,,75.908,,
Developing,596.8717189,275,9.2,3.2,0.421,26.3,58.9,,,60.9647588,,,60.475,,
Developing,757.3114436,165,12.1,0.1,0.599,15.1,66.6,,,67.74443324,,,67.71,,
Developed,1726.9151,9,12.3,0.1,0.677,65.1,78.2,,,77.14955183,,,79.786,,
Developing,12724.39377,145,14.7,0.1,0.773,42,74.8,,,74.43369019,,,74.41,,
Developing,1726.9151,89,12.3,0.1,0.677,26.7,78.2,,,71.24243068,,,77.729,,
Developed,5226.99311,93,16.9,0.1,0.902,55.4,78.1,,,80.37485318,,,78.664,,
Developing,15384.8749,12,15.3,0.1,0.785,52.2,75.1,,,78.55167258,,,75.741,,
Developing,24.2423229,523,11,10,0.404,13.6,48.8,,,51.04619543,,,51.697,,
Developing,555.2969419,48,4.6,2,0.382,15.4,45.3,,,62.23699482,,,50.066,,
Developing,3988.11894,15,12.3,0.1,0.675,47.1,73.4,,,74.46085708,,,75.144,,
Developing,46.998871,313,4.3,2.3,0,14.2,53.3,,,51.8070111,,,53.391,,
Developing,1598.77512,219,11,1.8,0,48.3,67.7,,,62.82440462,,,63.023,,
Developing,1774.33673,145,11.1,0.1,0.653,46.1,71.6,,,70.06803022,,,72.766,,
Developing,4855.743789,133,12.8,0.5,0.727,53.5,75.8,,,72.89911394,,,74.261,,
Developing,796.7937634,222,10,0.1,0,67.9,64.1,,,63.53428578,,,64.661,,
Developing,4429.6575,125,13.5,0.1,0.759,55.3,74.5,,,74.05347386,,,75.405,,
Developing,1837.977391,157,13.2,0.1,0.674,66.2,71.8,,,72.62407836,,,72.748,,
Developing,1174.839214,522,10.8,9.4,0.491,32,52.1,,,55.02548695,,,51.798,,
Developing,13467.1236,116,17.3,0.1,0.826,62.8,76.3,,,78.53869583,,,76.613,,
Developed,13882.85683,83,17.4,0.1,0.868,59.6,78.5,,,81.48719409,,,79.534,,
Developing,283.8911588,424,6.7,15.3,0.318,17.7,51,,,48.58449335,,,50.804,,
Developing,8959.581416,127,12.5,0.1,0.739,6.1,75.6,,,70.78052183,,,75.335,,
Developing,2579.193168,138,16.3,0.1,0.776,55.1,74.1,,,75.60694504,,,73.496,,
Developing,3299.65139,189,10.6,0.4,0.616,48.6,71.3,,,68.81468528,,,71.375,,
Developing,1726.9151,156,13.3,0.1,0.72,54.1,73.2,,,72.34624653,,,73.357,,
Developing,1726.9151,144,15.1,0.1,0.677,43.5,72.1,,,73.00252133,,,72.632,,
Developing,1347.31257,32,9.2,4.2,0.582,24.5,58.2,,,67.37292676,,,60.652,,
Developing,371.323865,323,3.9,2.5,0,13.7,52.4,,,52.32390774,,,52.981,,
Developed,49474.7561,62,18.1,0.1,0.921,6.5,81.1,,,80.58752876,,,82.582,,
Developed,1444.1589,221,16.2,0.1,0.814,57.7,78,,,75.81871456,,,75.288,,
Developed,1224.2459,116,13.6,0.1,0.777,57.5,75.2,,,75.86345575,,,75.413,,
Developing,51.216381,225,9.4,1.5,0.497,21.1,62.8,,,61.90450041,,,62.751,,
Developing,4385.379355,227,14.7,0.1,0.72,5.4,68.1,,,69.59980253,,,68.043,,
Developing,3967.8951,78,14.9,0.1,0.864,41.2,77.7,,,76.02296461,,,80.249,,
Developing,777.659139,275,8,1.6,0.421,22.5,57.3,,,60.77777078,,,58.743,,
Developed,14965.361,73,13.7,0.1,0.884,59.2,86,,,79.16555046,,,81.978,,
Developing,2993.832531,137,11.9,0.1,0.725,5.7,73.3,,,69.38729762,,,73.51,,
Developing,3749.939813,211,14,0.1,0.695,55.9,68.5,,,71.99648732,,,69.678,,
Developing,26.479973,321,9.9,1.5,0.385,16.6,57.4,,,58.72238403,,,57.092,,
Developed,32233.83942,57,13.8,0.1,0.847,58.3,79.7,,,79.69525217,,,83.079,,
Developing,3.685949,274,7.2,2.1,0.401,12.1,57.7,,,56.39475325,,,61.123,,
Developing,1092.233631,381,0,4.2,0,43.5,53.1,,,49.70458962,,,52.32,,
Developing,461.723722,23,10.3,0.4,0.508,19.5,64.7,,,68.71484138,,,65.69,,
Developing,1276.28834,247,13.1,0.1,0.675,54.4,68,,,69.72024151,,,67.396,,
Developing,433.2691451,271,8.8,0.1,0,18,59.5,,,58.45877529,,,59.624,,
Developing,1726.9151,449,12.3,10,0.677,18.1,52.2,,,58.24411787,,,52.39,,
Developing,1726.9151,126,11.9,0.1,0,54.1,73.2,,,66.67716682,,,72.902,,
Developed,28951.15556,56,13.8,0.1,0.85,58.7,80,,,79.7015626,,,82.028,,
Developing,2254.44566,189,11.7,0.3,0.645,22.1,67.9,,,68.17633884,,,69.469,,
Developed,46511.6457,98,16.5,0.1,0.893,54.4,77.7,,,81.07715005,,,78.233,,
Developing,45.128418,424,8.7,1.6,0.384,21.7,48.1,,,56.11490106,,,48.065,,
Developing,297.4733451,335,12.3,0.8,0.677,21.5,52.2,,,64.24412979,,,53.267,,
Developing,348.151511,252,4.5,0.9,0.312,17.3,58.2,,,57.53053712,,,59.093,,
Developing,395.8493511,437,8.5,15.7,0.451,15.1,52.1,,,50.4376032,,,52.733,,
Developing,1726.9151,168,13.4,0.1,0.745,58.2,73.2,,,72.56917583,,,73.035,,
Developing,2819.511161,138,13.5,0.1,0.739,19.8,74.5,,,71.38214135,,,74.431,,
Developing,243.5429317,49,5.2,14.3,0.312,16.5,46,,,55.99608268,,,46.897,,
Developing,1726.9151,162,13.3,0.1,0.711,49.3,72.5,,,71.87970344,,,72.552,,
Developing,477.738478,278,5.6,0.2,0.409,43.5,59.6,,,60.44107178,,,59.577,,
Developing,223.83787,127,13.8,0.1,0.73,57.8,72.4,,,72.48332372,,,73.474,,
Developing,81.265673,253,9.1,0.5,0.483,47.7,62.7,,,63.17846255,,,63.106,,
Developing,2136.66815,245,10.4,0.1,0,41.3,63.7,,,62.38337803,,,65.336,,
Developing,1726.9151,28,10.2,0.3,0.554,19.4,64.4,,,69.65108268,,,65.914,,
Developing,24253.2542,15,17.3,0.1,0.847,55.5,77.5,,,80.83087227,,,78.92,,
Developing,561.997387,299,8.6,0.5,0.412,22.7,58.1,,,60.96189959,,,58.865,,
Developing,3778.184171,12,14.3,0.1,0.695,53.9,74.6,,,76.47235305,,,74.404,,
Developing,535.86555,9,14.2,0.1,0.735,54.7,77,,,75.71290873,,,75.281,,
Developing,778.5454199,251,10.3,0.1,0.465,21.1,61.3,,,63.91638796,,,62.461,,
Developed,3297.35471,2,14,0.1,0.745,56.9,71.6,,,78.93918949,,,75.114,,
Developing,341.955625,614,9.6,18.7,0.418,16.8,43.8,,,45.72067464,,,45.68,,
Developing,1726.9151,246,8.7,0.2,0.494,14.9,61,,,63.13401208,,,62.396,,
Developing,4256.91279,13,14.5,0.1,0.714,57.4,74.8,,,76.99798723,,,74.619,,
Developing,1186.423937,27,9.1,0.5,0.526,2.5,65.6,,,67.4213578,,,65.389,,
Developing,32.37239,124,12,0.1,0.597,16.2,71.8,,,66.86935439,,,73.742,,
Developing,711.4699463,2,6.1,0.1,0.487,18.9,62.9,,,66.32790194,,,63.829,,
Developed,1726.9151,116,12.3,0.1,0.677,6.8,75.8,,,71.54099264,,,76.792,,
Developing,3372.57517,84,13.2,0.1,0.831,55.1,76,,,75.1034156,,,76.412,,
Developing,2232.513244,221,11,1.6,0,49,67.9,,,63.09984981,,,63.215,,
Developed,13467.46827,97,15.1,0.1,0.82,63.1,77.8,,,79.3393136,,,77.613,,
Developing,1726.9151,139,11.8,0.1,0.686,47.6,71.8,,,71.01876208,,,72.845,,
Developing,29.9798977,67,10.4,24.7,0.388,14.8,44,,,53.823135,,,47.125,,
Developing,1288.642924,13,9.9,0.1,0.61,22.6,73.1,,,70.28475101,,,70.893,,
Developing,1452.27766,122,13.1,0.1,0.754,62.8,76.6,,,73.58805549,,,75.142,,
Developing,1312.46692,14,14.2,0.1,0.788,43.8,75.4,,,75.88569826,,,74.821,,
Developing,1726.9151,158,11.8,0.1,0.7,56.5,73.6,,,71.20299347,,,73.113,,
Developing,1726.9151,85,13.6,0.1,0.755,56,75.1,,,74.4858594,,,76.568,,
Developing,1726.9151,79,12.3,0.1,0.677,27.7,79.4,,,71.51777614,,,79.916,,
Developing,2878.837144,375,7.7,2.6,0.454,18.8,48.2,,,58.66893948,,,49.129,,
Developing,297.4733451,344,12.3,0.9,0.677,19,51.1,,,63.86017705,,,53.088,,
Developing,2755.297787,374,9.7,4.4,0.507,23.5,52.7,,,59.92865081,,,54.149,,
Developing,1526.497938,154,11.4,0.1,0.614,5.2,73.2,,,67.42811529,,,72.679,,
Developing,1242.95373,84,13.9,0.1,0.794,57.4,78.2,,,74.90710984,,,76.551,,
Developing,1726.9151,22,13.8,0.2,0.643,49.3,68.7,,,74.7649917,,,68.075,,
Developing,1726.9151,299,12.3,1.9,0.677,17.8,55.7,,,65.29724167,,,56.157,,
Developing,2271.56961,93,14.1,0.1,0.788,65.5,73.4,,,75.60066271,,,73.966,,
Developing,177.867119,285,9.9,1,0.494,45.7,62,,,63.22654074,,,62.332,,
Developing,1087.435774,37,13,0.1,0.635,55.2,63.6,,,73.91546687,,,67.066,,
Developing,2327.58324,232,11.2,1.9,0.62,4.3,65.7,,,64.9622265,,,64.301,,
Developing,166.231785,44,4.7,4.6,0,13.9,47.6,,,57.60806585,,,49.063,,
Developing,8476.61511,134,10.7,0.1,0.705,46.5,72.9,,,71.30142812,,,73.194,,
Developing,341.2894618,263,4.2,1.1,0.307,16.9,57.1,,,56.90829138,,,58.498,,
Developing,1726.9151,69,12.3,0.1,0.677,3.4,81.2,,,70.37804224,,,81.53,,
Developing,1264.78998,369,0,4.2,0,43.5,54.3,,,50.04995526,,,53.447,,
Developing,24124.16917,82,15.9,0.1,0.864,57.8,79.1,,,78.59831641,,,80.682,,
Developing,123.19538,373,9.2,6.3,0.473,25.4,54.8,,,56.8217385,,,54.819,,
Developing,3972.26475,165,12.3,0.4,0.687,24.6,73.3,,,69.85756525,,,71.712,,
Developing,14.214412,163,11.2,0.2,0.617,39,69.3,,,66.37078126,,,71.316,,
Developing,17421.8922,135,16.5,0.1,0.85,58.5,76.3,,,77.62339791,,,77.252,,
Developed,12.27733,135,14.7,0.1,0.797,59.9,74.8,,,73.99096976,,,74.538,,
Developing,5116.45424,168,13,0.1,0.704,28,72.1,,,70.89584137,,,71.988,,
Developing,5941.8471,152,13.6,0.1,0.737,32.4,74.6,,,72.25468588,,,74.438,,
Developed,4991.98289,66,19,0.1,0.918,62.5,81.3,,,82.9771188,,,81.69,,
Developing,1726.9151,18,10.4,0.1,0.612,62.8,67.5,,,72.96409572,,,70.124,,
Developing,1726.9151,167,12.3,0.1,0.677,26.2,67.6,,,69.50303961,,,68.214,,
Developing,763.66223,31,12.4,8,0.652,33,61.7,,,68.61337597,,,60.759,,
Developing,1726.9151,215,12.1,0.1,0.601,36.5,66.7,,,68.32026164,,,67.158,,
Developing,625.65544,15,12.8,0.1,0.695,54.2,73.6,,,74.33108579,,,74.728,,
Developed,49231.36254,69,18.5,0.1,0.895,6.5,85,,,80.52889455,,,83.754,,
Developing,3848.215966,243,14.6,0.1,0.723,57.2,68.9,,,72.02260483,,,68.2,,
Developed,7378.25539,139,14.3,0.1,0.778,63.9,73.9,,,77.23642259,,,73.633,,
Developing,5339.441291,11,13.7,0.1,0,6.8,73.9,,,68.48992663,,,73.603,,
Developing,622.7427477,142,11.2,0.1,0.639,47.1,72,,,69.57311548,,,72.886,,
Developing,3771.278957,294,13.9,0.1,0.737,46.3,64.6,,,69.87915167,,,64.847,,
Developing,14223.86576,117,14.6,0.1,0.761,46.9,73.9,,,75.22353036,,,74.642,,
Developing,2695.366223,96,11.4,0.1,0.659,25.7,74.4,,,70.49765158,,,75.027,,
Developing,586.8364,141,15.9,0.1,0.747,55.3,71.5,,,74.2203677,,,72.754,,
Developing,6925.22446,17,10.3,0.1,0.659,57.8,69.5,,,73.75832769,,,72.602,,
Developing,1713.47594,452,11.8,24.6,0.556,25.8,55.7,,,50.53860435,,,53.824,,
Developing,1182.869227,37,9.7,5.5,0.48,26,55.3,,,66.27704965,,,57.498,,
Developing,4598.161975,138,13.4,0.1,0.719,64.8,72.7,,,73.9528856,,,73.023,,
Developing,3146.95177,179,14.3,0.1,0.685,44.5,71,,,72.106245,,,71.345,,
Developing,2994.339988,19,12.5,0.1,0.692,51.3,77.7,,,74.71782645,,,74.861,,
Developing,377.8482928,261,9.1,0.6,0.483,16.7,61.9,,,62.07758888,,,62.58,,
Developing,3634.27685,185,12.3,0.3,0.662,23.8,68.3,,,69.18635502,,,69.644,,
Developing,43.7544499,311,5.2,1,0.402,15.5,61.4,,,56.10929952,,,62.321,,
Developing,583.5445622,297,8.8,6,0.398,21.9,55.6,,,58.45776204,,,56.602,,
Developing,2847.285569,95,12.1,0.1,0.645,58.5,74.3,,,72.78833583,,,74.08,,
Developed,464.18465,61,16.3,0.1,0.866,59.9,81.5,,,79.27378332,,,82.137,,
Developing,1726.9151,235,12.3,0.1,0.677,46.5,67.1,,,69.14644742,,,67.152,,
Developing,3542.13589,144,0,0.1,0.677,79.3,72.1,,,64.47457084,,,72.354,,
Developing,3942.9827,139,12.9,0.1,0.693,72.9,73,,,73.74404762,,,73.183,,
Developing,6432.216537,121,14,0.1,0.737,53.5,76,,,74.44903286,,,75.241,,
Developing,418.94454,36,8.3,5.6,0.388,2.7,54.4,,,62.67616607,,,55.324,,
Developing,1453.642777,15,10.7,0.1,0.67,46.9,73.3,,,72.6894469,,,72.365,,
Developing,61478.23813,79,11.8,0.1,0.828,65.6,77,,,76.39014831,,,76.965,,
Developing,4136.689919,215,10.3,0.3,0.638,46.7,66.2,,,68.25631953,,,66.297,,
Developing,2632.79942,215,12.4,0.3,0.636,48.6,70,,,69.61528439,,,68.252,,
Developing,1229.114798,258,11.1,3,0.541,2.7,62.6,,,62.77631423,,,62.603,,
Developing,67.7518833,285,9.1,5.3,0.416,24.3,57.6,,,58.33334036,,,57.311,,
Developing,2367.56535,76,14.4,0.1,0.815,58.5,75.8,,,76.02177524,,,76.935,,
Developing,1224.41554,275,9.8,2.2,0.53,24.2,63,,,62.95452569,,,63.696,,
Developing,14221.99259,85,13.7,0.1,0.798,55.2,75,,,76.01127889,,,75.759,,
Developing,1726.9151,172,12.4,0.1,0.786,58.1,74.1,,,72.05440127,,,74.075,,
Developing,819.974118,325,3.5,4.2,0.378,29.4,58,,,55.30799243,,,57.98,,
Developing,2598.9823,14,11.7,0.1,0.673,47.9,72.3,,,73.8386716,,,73.599,,
Developing,8953.359275,126,16.3,0.1,0.792,58.6,75.4,,,76.88086218,,,75.422,,
Developing,1726.9151,16,12.2,0.2,0.689,39.6,73.1,,,73.53518274,,,72.905,,
Developing,1726.9151,159,13.1,0.1,0.688,61.1,79,,,72.29098073,,,74.935,,
Developing,61.799977,285,8.5,2.1,0.43,2.5,56.5,,,58.22505759,,,58.324,,
Developing,254.489192,172,13.3,0.1,0.731,18.5,72.3,,,69.01478116,,,72.207,,
Developing,575.32176,158,13.1,0.2,0.711,27.9,73.9,,,69.96420656,,,73.21,,
Developing,1148.56996,213,11,0.1,0.624,18.2,65.3,,,66.48572028,,,66.814,,
Developing,1726.9151,437,12.3,4.1,0.677,23.8,54,,,61.57861377,,,52.615,,
Developed,35396.66517,57,16.3,0.1,0.877,63.1,82.5,,,82.04755061,,,82.041,,
Developing,28827.32636,8,16.4,0.1,0.855,61.8,79.4,,,80.84101885,,,80.188,,
Developed,8989.8424,49,16,0.1,0.938,57.4,83.4,,,81.36983223,,,82.839,,
Developing,956.668952,295,8.6,1.4,0.461,42.7,61.1,,,62.40755643,,,63.988,,
Developing,5888.6284,449,12.8,19,0.622,46.4,56.5,,,56.2712259,,,55.013,,
Developing,5842.85784,13,11.7,0.1,0.737,48,71.1,,,74.79206107,,,74.765,,
Developing,436.6895539,297,8.1,2.3,0.376,2.3,57.3,,,58.25638637,,,56.671,,
Developing,1726.9151,225,12.3,0.1,0.677,47.9,68,,,69.44416568,,,67.612,,
Developed,1726.9151,141,14,0.1,0.784,53.1,74,,,75.60259187,,,74.803,,
Developing,2527.9423,375,9.6,4.7,0.5,22.8,52.3,,,59.55533618,,,53.932,,
Developed,19821.44463,96,15.4,0.1,0.793,54.9,78.5,,,79.13696297,,,77.426,,
Developed,8297.483621,153,15.8,0.1,0.797,56.9,73.4,,,77.82968909,,,74.175,,
Developed,47654.18721,77,15.3,0.1,0.87,54.7,82,,,80.52974039,,,82.505,,
Developing,1726.9151,218,9.6,0.3,0.535,18,63.6,,,64.82929731,,,65.343,,
Developing,792.259698,28,9.7,0.3,0.536,13.9,64.8,,,68.41265266,,,65.636,,
Developed,36976.84512,61,16.3,0.1,0.868,6.5,81.6,,,78.75206938,,,82.024,,
Developing,229.714718,153,13.7,0.1,0.683,67.8,72,,,72.0673497,,,73.248,,
Developing,22242.68193,76,16.8,0.1,0.858,64.9,84,,,79.68893351,,,84.469,,
Developing,3492.1396,118,13.6,0.1,0.742,6.9,73.3,,,71.31375758,,,74.595,,
Developing,896.5697341,364,6.7,4.1,0.36,17.1,51.2,,,56.04488272,,,53.791,,
Developed,23573.6284,73,12.7,0.1,0.819,29.6,79.3,,,76.56068869,,,78.946,,
Developing,3288.257373,483,11.7,24,0.559,27.2,54.7,,,50.53123228,,,54.054,,
Developing,1674.98771,256,13.7,0.2,0.773,57.5,68.4,,,70.95929281,,,68.142,,
Developing,678.796973,239,10.5,0.7,0.475,19.5,64.6,,,63.9522199,,,63.198,,
Developing,1653.2937,34,9.1,7.3,0.59,21.7,55.7,,,65.82743424,,,57.015,,
Developing,1768.92132,144,11.3,0.9,0.572,23.2,71.1,,,67.98122056,,,72.176,,
Developing,11675.39395,123,14,0.8,0.749,44.6,73.5,,,74.00316714,,,73.1,,
Developing,692.1166842,172,12,0.2,0.529,16.9,68.4,,,67.00551884,,,68.574,,
Developing,4598.161975,133,13.7,0.1,0.706,61.8,72.9,,,74.01605504,,,73.209,,
Developing,3853.33348,16,12.2,0.1,0.617,17.3,73.4,,,72.25244479,,,73.633,,
Developed,119172.7418,65,13.9,0.1,0.892,6.9,81.7,,,77.7815248,,,83.72,,
Developing,1726.9151,74,12.3,0.1,0.677,29.5,87,,,71.72816046,,,84.233,,
Developing,1726.9151,19,12.1,0.1,0.781,56,73.1,,,75.03986861,,,74.626,,
Developing,1726.9151,228,12.3,0.1,0.677,46.8,67.6,,,69.31681645,,,67.467,,
Developing,3113.48635,187,12.1,0.3,0.656,22.9,68.1,,,68.81646654,,,69.765,,
Developing,447.138966,222,8.3,0.3,0.494,11.8,62.9,,,62.39522561,,,63.447,,
Developing,1726.9151,161,14.1,0.1,0.767,6.4,73.7,,,70.49465353,,,73.608,,
Developing,2659.83918,189,11.9,0.5,0.674,21.7,71.6,,,68.51205219,,,69.961,,
Developing,3923.573344,186,10.7,0.4,0.637,5.6,71.9,,,66.799772,,,69.896,,
Developing,1726.9151,223,9.4,0.2,0.525,17.3,63.1,,,64.50848668,,,64.03,,
Developing,21.3733292,286,9.9,2.8,0.383,22.9,57.9,,,59.10635795,,,57.179,,
Developing,1726.9151,222,14.4,0.2,0.622,46,65.7,,,70.47156488,,,66.165,,
Developing,3851.437869,14,11.6,0.1,0.708,45.9,73,,,74.1329001,,,74.288,,
Developing,1726.9151,159,14.2,0.1,0.77,61,73.8,,,73.68696366,,,73.986,,
Developing,6497.55443,67,11.8,0.1,0.663,23.1,77.3,,,71.80025409,,,75.298,,
Developing,196.2472628,35,7.9,2.9,0.319,15.2,55.3,,,63.43483114,,,52.705,,
Developing,783.94791,249,10.7,1,0.481,25.7,60,,,64.20925322,,,62.323,,
Developing,3419.275719,21,11.8,0.4,0.677,41.4,68.2,,,73.43705047,,,71.891,,
Developing,2259.55796,22,13.3,0.1,0.687,52.2,67.9,,,75.08703681,,,70.409,,
Developing,277.6486591,43,5.4,12.2,0.291,16.5,49,,,57.17032333,,,48.726,,
Developing,34176.98183,85,12.8,0.1,0.815,64.7,76.5,,,76.50744453,,,75.966,,
Developing,1148.5857,16,9.7,0.1,0.6,21.9,72.7,,,69.89679442,,,70.625,,
Developing,2842.938353,214,11.7,0.1,0.676,24.8,68.4,,,68.23073608,,,68.138,,
Developing,547.3588785,665,9.8,43.5,0.434,25.5,46,,,34.0446175,,,45.229,,
Developing,65.985681,46,9.1,5.1,0.405,21.8,55.3,,,63.43503806,,,53.84,,
Developing,1726.9151,437,12.3,9.4,0.677,18.6,53.1,,,58.81528384,,,53.918,,
Developing,3439.597513,229,10.3,0.4,0.624,43.2,65.6,,,67.50009272,,,65.582,,
Developing,114.56179,161,12.5,0.1,0.607,15.8,67.2,,,67.16649925,,,67.783,,
Developing,1726.9151,12,12.9,0.1,0.746,6.3,75.7,,,72.73453452,,,74.103,,
Developing,19259.58726,94,13.3,0.1,0.792,63.9,73.7,,,76.13632121,,,74.026,,
Developing,4852.223666,177,12.8,0.2,0.705,5.1,70,,,69.20376864,,,72.491,,
Developing,1792.3845,157,11.5,0.1,0.625,51.7,73.9,,,70.20657369,,,73.172,,
Developed,36693.4262,86,14.7,0.1,0.841,52.2,79.3,,,79.39765057,,,78.963,,
Developing,13653.2264,82,16.3,0.1,0.845,63.8,85,,,78.764539,,,81.076,,
Developing,238.891729,221,13.2,0.1,0.683,51.2,67.8,,,69.30670839,,,68.407,,
Developing,16737.89827,117,15.5,0.1,0.791,63.4,76.8,,,77.11054949,,,76.441,,
Developed,37813.23426,78,15.1,0.1,0.879,5.8,79.7,,,77.56481774,,,81.861,,
Developed,23121.56635,1,18.2,0.1,0.873,58.5,78,,,84.12660082,,,81.123,,
Developing,21451.88617,344,9.2,7.7,0.58,22.6,56.2,,,60.32290554,,,56.444,,
Developed,41785.55691,76,16.7,0.1,0.907,59.9,81,,,82.05560625,,,82.325,,
Developing,325.3825543,289,7.6,2.4,0.378,14.9,59.8,,,58.57844669,,,56.906,,
Developing,114.45919,162,11.3,0.2,0.622,39.9,69.6,,,67.68727015,,,70.567,,
Developing,1726.9151,167,12.5,0.1,0.79,59.4,74.4,,,72.3387405,,,74.59,,
Developing,989.2363633,365,6.7,3.9,0.37,17.5,51.6,,,56.26743721,,,53.383,,
Developed,1726.9151,71,12.3,0.1,0.677,66,81,,,75.83952711,,,83.688,,
Developed,55575.29196,58,18.2,0.1,0.892,58.1,81.4,,,83.48487214,,,82.087,,
Developing,458.8843551,432,8.9,13.2,0.461,15.9,53,,,52.20427613,,,52.849,,
Developing,2422.816,223,12.3,0.6,0.581,21.9,68.7,,,67.28158241,,,67.622,,
Developed,1372.68947,169,15.8,0.1,0.81,59.4,73.6,,,76.70722535,,,73.815,,
Developing,3558.796314,12,13.6,0.2,0.643,29.7,72.8,,,74.14808818,,,73.529,,
Developing,1726.9151,47,12.3,2,0.677,27.4,52.8,,,71.31675761,,,56.157,,
Developing,143.77651,235,7.6,0.4,0.435,14.6,62.8,,,60.64498147,,,63.536,,
Developing,1158.256469,25,8.5,0.9,0.513,3.8,63.1,,,66.80756211,,,62.75,,
Developing,4892.11618,32,12.3,11,0.638,29.8,59.7,,,67.87662771,,,60.18,,
Developing,475.11122,293,4.9,1.7,0.334,15.1,55.3,,,56.76032798,,,54.329,,
Developed,35433.98896,68,14.9,0.1,0.873,24.9,82.4,,,78.6270596,,,82.068,,
Developing,9272.413453,178,12.7,0.9,0.708,56.3,71.3,,,72.03132619,,,72.324,,
Developed,51386.37665,76,15.1,0.1,0.864,54.2,84,,,80.37685774,,,82.397,,
Developing,654.2838373,185,11.8,0.4,0.626,38.1,67.6,,,68.35238153,,,69.11,,
Developing,1726.9151,136,11.1,0.2,0.609,11.3,74.4,,,67.93252995,,,74.029,,
Developing,21268.7564,12,13.7,0.1,0.796,52.8,76.2,,,77.68935296,,,75.911,,
Developing,3739.11936,183,14.1,0.1,0.677,43.7,75,,,71.86641436,,,72.123,,
Developing,2892.522663,148,14.6,0.1,0.695,7.1,72.4,,,70.93837863,,,72.842,,
Developed,51241.31562,68,16.6,0.1,0.899,57.3,82,,,82.06850425,,,82.669,,
Developing,1129.754961,24,10.6,0.5,0.542,26.9,66.2,,,70.02862525,,,66.073,,
Developing,1726.9151,25,8,0.1,0.45,32.2,61.5,,,68.16579492,,,63.982,,
Developing,1726.9151,229,12.6,0.1,0.618,39,67.2,,,68.64037681,,,66.39,,
Developed,22486.47167,81,16.8,0.1,0.877,58.2,82,,,81.35483448,,,80.114,,
Developing,1726.9151,116,12.3,0.1,0.677,24.7,76,,,70.53815033,,,76.541,,
Developing,6256.55926,83,13.7,0.1,0.835,65,76.6,,,76.41657414,,,76.785,,
Developing,277.83438,28,9.6,0.4,0.567,43.8,69.2,,,69.60927036,,,68.553,,
Developing,4463.675893,138,12.1,0.1,0.724,28.8,73.1,,,71.01841241,,,73.876,,
Developing,16586.452,189,16.1,0.1,0.829,56.3,73,,,75.84341352,,,72.935,,
Developing,1726.9151,217,12.2,0.1,0.602,37,66.6,,,68.38412536,,,67.093,,
Developed,89739.7117,85,13.5,0.1,0.88,57.5,79.4,,,79.63584933,,,79.672,,
Developing,15472.7814,11,15.3,0.1,0.792,53,75.2,,,78.67321099,,,75.803,,
Developed,38538.64447,75,15.2,0.1,0.888,51.3,82,,,80.32500982,,,82.808,,
Developing,1726.9151,173,12.2,0.1,0.665,57,70,,,70.93313464,,,72.639,,
Developing,2999.65492,85,12.2,0.1,0.807,64.1,76.4,,,74.61813761,,,75.838,,
Developed,2774.95586,174,12.5,0.1,0.722,52.9,71.1,,,73.5892447,,,73.417,,
Developing,2819.649531,176,14.6,0.1,0.692,45.3,71.4,,,72.42419866,,,71.875,,
Developing,235.4912324,344,3.5,3.6,0,12.5,56,,,50.73911206,,,55.639,,
Developing,1726.9151,219,14.3,0.2,0.625,46.7,66.2,,,70.52628153,,,66.733,,
Developed,4132.34927,219,14.8,0.1,0.746,56,73,,,74.8405293,,,69.97,,
Developing,649.848233,183,5.6,0.1,0.474,18.4,63.7,,,61.81995175,,,63.736,,
Developed,519.349,65,16.9,0.1,0.906,58.6,86,,,79.90566931,,,83.753,,
Developing,1726.9151,135,12.1,0.1,0.716,51.4,72.7,,,71.75767467,,,73.328,,
Developing,1622.637974,256,6.3,2.1,0.464,33.8,62.7,,,61.09148311,,,62.526,,
Developing,1592.572182,16,10.9,0.7,0.59,44.3,73,,,71.84764678,,,70.374,,
Developing,456.512487,92,12.5,0.1,0.691,28.1,75,,,70.7588884,,,76.469,,
Developing,569.7612784,288,5.4,1.5,0.345,15.6,56.1,,,57.53602135,,,55.73,,
Developed,3736.228,64,16.4,0.1,0.86,63.5,81.9,,,80.60425555,,,82.066,,
Developing,93.1661567,134,10.8,0.1,0.657,48.1,72.7,,,68.58906866,,,72.428,,
Developed,1227.73677,122,14.6,0.1,0.818,51.2,76,,,76.40761856,,,75.334,,
Developing,29657.4421,65,15.8,0.1,0.877,62.1,81,,,79.35100072,,,81.959,,
Developing,5292.232379,176,14.4,0.1,0,38.8,79,,,67.16125767,,,72.644,,
Developed,19726.1265,17,16.7,0.1,0.858,54.7,78.1,,,82.27735766,,,78.44,,
Developing,5633.79616,91,12.8,0.1,0.7,29,75.2,,,72.52086467,,,76.548,,
Developing,2214.732246,12,12.1,0.1,0,49.4,75.2,,,69.19965064,,,74.12,,
Developing,1574.978653,263,10.9,1.3,0.554,26.1,61.2,,,64.8583654,,,63.926,,
Developing,5836.17763,187,14.8,0.1,0,39.9,73,,,67.3258059,,,72.136,,
Developing,1161.76935,152,12.5,0.1,0.603,17.4,68.3,,,68.7168105,,,70.376,,
Developing,4763.68956,192,15,0.1,0.719,61.1,69.6,,,73.73930878,,,70.442,,
Developing,226.4759814,348,3.4,4,0,12.2,51,,,50.35379962,,,55.513,,
Developing,834.341949,233,10.9,0.8,0.49,23.2,62.9,,,64.75985246,,,62.913,,
Developing,379.689583,266,9.5,1.5,0.406,25,62,,,61.73630562,,,60.821,,
Developing,1726.9151,285,10.7,3.5,0.558,25,62.9,,,63.2240773,,,63.021,,
Developing,615.7775411,147,8.6,0.1,0.52,14,69.1,,,64.84512541,,,69.321,,
Developing,583.493514,285,8.1,2.1,0.423,2.1,56.1,,,59.11063282,,,57.88,,
Developing,6376.183153,224,15.1,0.1,0.755,58.2,70,,,73.3763014,,,70.856,,
Developed,4454.44746,56,15.3,0.1,0.894,28.2,83.5,,,78.35834577,,,83.251,,
Developing,47.32827,218,14.4,0.1,0.764,54,78,,,70.098546,,,68.762,,
Developing,369.654776,118,12.7,0.1,0.741,54.9,74.8,,,72.08330391,,,74.81,,
Developing,1469.849149,18,9.6,0.1,0,41.1,69,,,66.56431043,,,69.17,,
Developing,795.97519,255,10.2,0.1,0.461,2.6,61,,,62.70434257,,,63.609,,
Developing,1432.227943,253,11.7,0.8,0.576,28,62.1,,,66.10569941,,,63.501,,
Developing,12323.1275,189,12.3,0.5,0.745,37.6,69.5,,,71.07337459,,,71.288,,
Developed,1726.9151,113,12.3,0.1,0.677,64.4,77.8,,,74.82849934,,,77.758,,
Developed,57348.92788,65,15.2,0.1,0.904,53.7,81.5,,,81.01932795,,,81.748,,
Developing,839.181117,356,10.1,9.1,0.494,17.3,56.8,,,57.31261865,,,56.686,,
Developing,1726.9151,184,13,0.4,0.682,42.9,71,,,70.46785169,,,72.888,,
Developing,3138.8873,132,11.7,0.1,0.707,49.7,73.5,,,71.70685503,,,73.449,,
Developing,29691.18158,99,15.4,0.1,0.852,56.4,79.3,,,77.81271417,,,78.745,,
Developing,1726.9151,137,10.7,0.2,0.584,1,73.8,,,66.86038401,,,73.542,,
Developed,35275.22843,67,15,0.1,0.877,25.4,82.6,,,78.77637329,,,82.363,,
Developing,7365.666659,154,15.8,0.1,0,43.9,72.6,,,69.12791954,,,72.95,,
Developing,7978.825443,23,15.7,0.1,0.796,61.1,71.7,,,78.81124627,,,74.942,,
Developed,55746.84238,62,15.7,0.1,0.897,56.5,81.1,,,81.53623574,,,82.653,,
Developed,24633.79785,9,16.9,0.1,0.873,56.4,79.1,,,82.92788508,,,79.351,,
Developed,11729.14616,11,15.7,0.1,0.782,5.9,76.9,,,78.1035311,,,76.676,,
Developing,4863.51688,497,12.9,29.7,0.611,42.9,53.7,,,49.91479648,,,53.67,,
Developing,263.1124679,38,7.7,3.6,0.48,19.5,57.2,,,64.48983495,,,57.743,,
Developing,1163.18977,174,10.9,0.2,0.558,19.6,68.7,,,66.82067281,,,67.458,,
Developing,1726.9151,15,12.9,0.1,0.739,58.5,75.1,,,75.53669926,,,74.509,,
Developing,1726.9151,274,11.1,3,0.576,26.2,63.9,,,64.18824763,,,63.803,,
Developing,362.663981,181,12.9,0.3,0.677,25.6,68.7,,,68.63069805,,,70.974,,
Developing,3464.35169,382,11.4,7.3,0.541,31.8,58.4,,,60.47441216,,,58.032,,
Developing,133.494518,42,10.3,3.2,0.373,21.1,50,,,65.39298576,,,54.26,,
Developing,16683.94578,179,12.5,0.4,0.772,42,74,,,72.09925074,,,73.92,,
Developing,15534.1574,14,15.5,0.1,0.78,51.4,74.9,,,78.57635111,,,75.638,,
Developing,198.7285436,295,6.5,0.1,0.373,13.4,56.7,,,58.32754657,,,57.197,,
Developing,36526.7711,78,16.3,0.1,0.894,62.5,82.4,,,79.69225957,,,82.802,,
Developing,24.944652,338,8.6,2.4,0.336,15.7,56.2,,,56.54416065,,,53.215,,
Developing,62.173221,123,14.3,0.1,0.771,59.4,75.4,,,72.61426739,,,75.173,,
Developing,296.54617,192,11.5,0.7,0.657,2.2,71.4,,,65.62035807,,,69.906,,
Developed,1726.9151,113,15.1,0.1,0.841,58.4,76.4,,,77.73046123,,,76.575,,
Developing,1586.254,191,10.9,0.1,0.632,19.7,67.3,,,67.21963003,,,67.69,,
Developing,597.1659,75,11.8,0.1,0.651,21.2,76.3,,,70.09406416,,,76.597,,
Developing,24167.8431,79,15.8,0.1,0.872,59.3,79.5,,,78.7356923,,,81.378,,
Developing,6876.953821,371,12.8,4.5,0.652,49.5,69,,,65.22865645,,,58.88,,
Developed,52157.4687,58,18.1,0.1,0.923,61.6,81.7,,,83.80147651,,,81.937,,
Developed,85814.58857,51,15.9,0.1,0.936,57,83.2,,,82.47973975,,,83.184,,
Developing,1726.9151,12,12.9,0.1,0.743,59.7,75.5,,,75.69916234,,,74.644,,
Developing,449.961839,453,6.4,7.3,0.345,19.8,48.6,,,52.03695329,,,49.793,,
Developing,1726.9151,14,12.9,0.1,0.741,59.1,75.3,,,75.60696012,,,74.379,,
Developing,21955.149,81,15.3,0.1,0.83,59.9,79.2,,,77.99963254,,,78.986,,
Developed,42889.88141,69,19.3,0.1,0.908,66.4,81.3,,,84.47714752,,,83.95,,
Developing,623.2871141,375,9.1,4.1,0.409,22.2,56.7,,,57.98469552,,,53.439,,
Developing,1657.889256,133,12.6,0.1,0.7,54,71.7,,,72.16807018,,,73.018,,
Developing,538.347781,211,15.4,0.1,0.791,54.6,71.2,,,72.55983876,,,73.922,,
Developing,1726.9151,247,8.4,0.1,0.464,33.3,62.2,,,63.74926436,,,62.354,,
Developed,1845.5881,99,15.9,0.1,0.792,53.3,78,,,78.00715762,,,76.952,,
Developing,3275.91684,141,10.8,0.1,0.591,49.9,71.2,,,70.03678857,,,71.524,,
Developing,8553.3847,157,13.8,0.1,0.714,51.1,73.6,,,73.36994199,,,73.386,,
Developing,1272.44825,188,9.3,0.1,0.492,46.4,68.3,,,66.46385946,,,68.277,,
Developing,1148.229882,168,12.2,0.1,0.632,4.6,71.5,,,67.64008456,,,68.735,,
Developing,4673.63848,189,12.5,0.1,0.702,48.5,69.4,,,71.15423564,,,71.439,,
Developing,297.4733451,336,12.3,0.8,0.677,22,52.4,,,64.25015444,,,53.402,,
Developed,1726.9151,138,13.8,0.1,0.776,52.6,74.1,,,75.4366081,,,74.118,,
Developing,781.2322196,323,2.9,4.3,0.363,28.6,57.7,,,54.68830525,,,57.003,,
Developed,1726.9151,16,12.3,0.1,0.677,67.5,78.7,,,77.13019918,,,78.793,,
Developed,18169.1891,14,16.3,0.1,0.853,54.1,77.5,,,81.93708293,,,78.441,,
Developing,297.828588,336,5.3,1.4,0.405,14.3,59.7,,,56.46481817,,,54.812,,
Developing,26921.8278,91,14.4,0.1,0.791,65.9,73.5,,,77.29057866,,,74.14,,
Developing,1726.9151,262,8.9,1.7,0.45,27.3,61.1,,,62.59682111,,,65.528,,
Developing,1495.96337,188,12.3,0.6,0.751,38.4,69.6,,,69.95717545,,,70.975,,
Developing,671.773913,132,13.5,0.1,0.749,55.8,74,,,72.79853588,,,73.823,,
